Date,Month,count,year
1,January,57,2018
2,January,87,2018
3,January,123,2018
4,January,155,2018
5,January,328,2018
6,January,898,2018
7,January,185,2018
8,January,137,2018
9,January,137,2018
10,January,105,2018
11,January,126,2018
12,January,306,2018
13,January,825,2018
14,January,199,2018
15,January,114,2018
16,January,85,2018
17,January,87,2018
18,January,199,2018
19,January,268,2018
20,January,998,2018
21,January,210,2018
22,January,113,2018
23,January,67,2018
24,January,98,2018
25,January,239,2018
26,January,211,2018
27,January,767,2018
28,January,203,2018
29,January,93,2018
30,January,61,2018
31,January,60,2018
1,February,75,2018
2,February,310,2018
3,February,978,2018
4,February,235,2018
5,February,73,2018
6,February,65,2018
7,February,78,2018
8,February,138,2018
9,February,246,2018
10,February,1166,2018
11,February,208,2018
12,February,101,2018
13,February,79,2018
14,February,344,2018
15,February,105,2018
16,February,293,2018
17,February,1188,2018
18,February,328,2018
19,February,111,2018
20,February,88,2018
21,February,92,2018
22,February,137,2018
23,February,379,2018
24,February,1457,2018
25,February,280,2018
26,February,88,2018
27,February,65,2018
28,February,114,2018
1,March,165,2018
2,March,432,2018
3,March,1708,2018
4,March,337,2018
5,March,113,2018
6,March,83,2018
7,March,96,2018
8,March,171,2018
9,March,437,2018
10,March,1715,2018
11,March,423,2018
12,March,88,2018
13,March,87,2018
14,March,105,2018
15,March,149,2018
16,March,469,2018
17,March,1679,2018
18,March,355,2018
19,March,95,2018
20,March,82,2018
21,March,102,2018
22,March,163,2018
23,March,480,2018
24,March,1869,2018
25,March,309,2018
26,March,123,2018
27,March,99,2018
28,March,152,2018
29,March,266,2018
30,March,119,2018
31,March,813,2018
1,April,190,2018
2,April,77,2018
3,April,109,2018
4,April,132,2018
5,April,150,2018
6,April,524,2018
7,April,1774,2018
8,April,373,2018
9,April,90,2018
10,April,93,2018
11,April,84,2018
12,April,122,2018
13,April,282,2018
14,April,1704,2018
15,April,328,2018
16,April,126,2018
17,April,81,2018
18,April,149,2018
19,April,125,2018
20,April,473,2018
21,April,1605,2018
22,April,310,2018
23,April,129,2018
24,April,118,2018
25,April,72,2018
26,April,161,2018
27,April,392,2018
28,April,1461,2018
29,April,233,2018
30,April,98,2018
1,May,92,2018
2,May,64,2018
3,May,103,2018
4,May,393,2018
5,May,1417,2018
6,May,342,2018
7,May,62,2018
8,May,120,2018
9,May,75,2018
10,May,104,2018
11,May,293,2018
12,May,1086,2018
13,May,124,2018
14,May,97,2018
15,May,92,2018
16,May,86,2018
17,May,74,2018
18,May,374,2018
19,May,1011,2018
20,May,299,2018
21,May,97,2018
22,May,75,2018
23,May,74,2018
24,May,95,2018
25,May,220,2018
26,May,991,2018
27,May,195,2018
28,May,84,2018
29,May,82,2018
30,May,80,2018
31,May,68,2018
1,June,279,2018
2,June,766,2018
3,June,230,2018
4,June,69,2018
5,June,66,2018
6,June,90,2018
7,June,83,2018
8,June,236,2018
9,June,717,2018
10,June,269,2018
11,June,72,2018
12,June,95,2018
13,June,67,2018
14,June,89,2018
15,June,192,2018
16,June,644,2018
17,June,161,2018
18,June,118,2018
19,June,66,2018
20,June,72,2018
21,June,116,2018
22,June,216,2018
23,June,725,2018
24,June,192,2018
25,June,87,2018
26,June,64,2018
27,June,63,2018
28,June,90,2018
29,June,207,2018
30,June,728,2018
1,July,220,2018
2,July,86,2018
3,July,60,2018
4,July,86,2018
5,July,114,2018
6,July,242,2018
7,July,909,2018
8,July,184,2018
9,July,96,2018
10,July,77,2018
11,July,87,2018
12,July,97,2018
13,July,170,2018
14,July,725,2018
15,July,166,2018
16,July,92,2018
17,July,71,2018
18,July,94,2018
19,July,86,2018
20,July,215,2018
21,July,660,2018
22,July,169,2018
23,July,71,2018
24,July,74,2018
25,July,64,2018
26,July,94,2018
27,July,219,2018
28,July,721,2018
29,July,145,2018
30,July,78,2018
31,July,63,2018
1,August,122,2018
2,August,78,2018
3,August,219,2018
4,August,735,2018
5,August,194,2018
6,August,72,2018
7,August,68,2018
8,August,379,2018
9,August,86,2018
10,August,273,2018
11,August,794,2018
12,August,202,2018
13,August,68,2018
14,August,54,2018
15,August,90,2018
16,August,90,2018
17,August,280,2018
18,August,1792,2018
19,August,196,2018
20,August,112,2018
21,August,72,2018
22,August,65,2018
23,August,97,2018
24,August,273,2018
25,August,1005,2018
26,August,223,2018
27,August,112,2018
28,August,113,2018
29,August,72,2018
30,August,104,2018
31,August,307,2018
1,September,1299,2018
2,September,189,2018
3,September,76,2018
4,September,54,2018
5,September,96,2018
6,September,126,2018
7,September,304,2018
8,September,1232,2018
9,September,393,2018
10,September,135,2018
11,September,72,2018
12,September,89,2018
13,September,115,2018
14,September,335,2018
15,September,1352,2018
16,September,246,2018
17,September,102,2018
18,September,122,2018
19,September,103,2018
20,September,119,2018
21,September,411,2018
22,September,1578,2018
23,September,340,2018
24,September,106,2018
25,September,105,2018
26,September,117,2018
27,September,173,2018
28,September,480,2018
29,September,1390,2018
30,September,513,2018
1,October,129,2018
2,October,85,2018
3,October,98,2018
4,October,152,2018
5,October,440,2018
6,October,1731,2018
7,October,333,2018
8,October,124,2018
9,October,70,2018
10,October,147,2018
11,October,130,2018
12,October,456,2018
13,October,1520,2018
14,October,320,2018
15,October,94,2018
16,October,92,2018
17,October,122,2018
18,October,221,2018
19,October,435,2018
20,October,1993,2018
21,October,312,2018
22,October,93,2018
23,October,91,2018
24,October,121,2018
25,October,169,2018
26,October,480,2018
27,October,1799,2018
28,October,370,2018
29,October,97,2018
30,October,62,2018
31,October,120,2018
1,November,151,2018
2,November,374,2018
3,November,1528,2018
4,November,310,2018
5,November,160,2018
6,November,65,2018
7,November,93,2018
8,November,179,2018
9,November,383,2018
10,November,1663,2018
11,November,444,2018
12,November,101,2018
13,November,80,2018
14,November,107,2018
15,November,118,2018
16,November,393,2018
17,November,1560,2018
18,November,469,2018
19,November,107,2018
20,November,80,2018
21,November,79,2018
22,November,152,2018
23,November,424,2018
24,November,1621,2018
25,November,315,2018
26,November,104,2018
27,November,61,2018
28,November,127,2018
29,November,102,2018
30,November,361,2018
1,December,1349,2018
2,December,272,2018
3,December,96,2018
4,December,63,2018
5,December,88,2018
6,December,108,2018
7,December,258,2018
8,December,995,2018
9,December,182,2018
10,December,89,2018
11,December,77,2018
12,December,137,2018
13,December,85,2018
14,December,235,2018
15,December,730,2018
16,December,188,2018
17,December,73,2018
18,December,98,2018
19,December,71,2018
20,December,92,2018
21,December,139,2018
22,December,190,2018
23,December,87,2018
24,December,48,2018
25,December,9,2018
26,December,13,2018
27,December,52,2018
28,December,86,2018
29,December,60,2018
30,December,23,2018
31,December,30,2018
1,January,93,2017
2,January,79,2017
3,January,116,2017
4,January,108,2017
5,January,150,2017
6,January,338,2017
7,January,1086,2017
8,January,215,2017
9,January,129,2017
10,January,73,2017
11,January,99,2017
12,January,110,2017
13,January,178,2017
14,January,986,2017
15,January,214,2017
16,January,116,2017
17,January,97,2017
18,January,101,2017
19,January,102,2017
20,January,260,2017
21,January,902,2017
22,January,157,2017
23,January,112,2017
24,January,72,2017
25,January,131,2017
26,January,94,2017
27,January,324,2017
28,January,800,2017
29,January,180,2017
30,January,54,2017
31,January,58,2017
1,February,62,2017
2,February,81,2017
3,February,230,2017
4,February,963,2017
5,February,172,2017
6,February,94,2017
7,February,63,2017
8,February,54,2017
9,February,76,2017
10,February,255,2017
11,February,1135,2017
12,February,243,2017
13,February,113,2017
14,February,323,2017
15,February,87,2017
16,February,96,2017
17,February,394,2017
18,February,1262,2017
19,February,203,2017
20,February,121,2017
21,February,73,2017
22,February,98,2017
23,February,93,2017
24,February,385,2017
25,February,1421,2017
26,February,246,2017
27,February,122,2017
28,February,89,2017
1,March,109,2017
2,March,96,2017
3,March,442,2017
4,March,1599,2017
5,March,353,2017
6,March,92,2017
7,March,56,2017
8,March,93,2017
9,March,139,2017
10,March,442,2017
11,March,1644,2017
12,March,439,2017
13,March,85,2017
14,March,101,2017
15,March,111,2017
16,March,99,2017
17,March,488,2017
18,March,1746,2017
19,March,248,2017
20,March,110,2017
21,March,93,2017
22,March,85,2017
23,March,107,2017
24,March,412,2017
25,March,1831,2017
26,March,352,2017
27,March,102,2017
28,March,87,2017
29,March,90,2017
30,March,108,2017
31,March,433,2017
1,April,1351,2017
2,April,322,2017
3,April,87,2017
4,April,79,2017
5,April,77,2017
6,April,106,2017
7,April,467,2017
8,April,1858,2017
9,April,345,2017
10,April,129,2017
11,April,93,2017
12,April,173,2017
13,April,284,2017
14,April,103,2017
15,April,764,2017
16,April,176,2017
17,April,75,2017
18,April,109,2017
19,April,85,2017
20,April,114,2017
21,April,491,2017
22,April,1675,2017
23,April,363,2017
24,April,177,2017
25,April,67,2017
26,April,82,2017
27,April,107,2017
28,April,381,2017
29,April,1336,2017
30,April,288,2017
1,May,96,2017
2,May,79,2017
3,May,94,2017
4,May,132,2017
5,May,383,2017
6,May,1189,2017
7,May,351,2017
8,May,84,2017
9,May,78,2017
10,May,84,2017
11,May,89,2017
12,May,304,2017
13,May,907,2017
14,May,171,2017
15,May,59,2017
16,May,76,2017
17,May,87,2017
18,May,102,2017
19,May,254,2017
20,May,1143,2017
21,May,229,2017
22,May,76,2017
23,May,76,2017
24,May,59,2017
25,May,79,2017
26,May,239,2017
27,May,812,2017
28,May,208,2017
29,May,83,2017
30,May,54,2017
31,May,60,2017
1,June,103,2017
2,June,192,2017
3,June,758,2017
4,June,216,2017
5,June,68,2017
6,June,93,2017
7,June,67,2017
8,June,111,2017
9,June,192,2017
10,June,746,2017
11,June,290,2017
12,June,68,2017
13,June,83,2017
14,June,61,2017
15,June,82,2017
16,June,175,2017
17,June,646,2017
18,June,175,2017
19,June,98,2017
20,June,75,2017
21,June,64,2017
22,June,106,2017
23,June,176,2017
24,June,660,2017
25,June,189,2017
26,June,100,2017
27,June,64,2017
28,June,96,2017
29,June,61,2017
30,June,201,2017
1,July,914,2017
2,July,195,2017
3,July,82,2017
4,July,71,2017
5,July,70,2017
6,July,81,2017
7,July,446,2017
8,July,667,2017
9,July,177,2017
10,July,112,2017
11,July,59,2017
12,July,59,2017
13,July,61,2017
14,July,195,2017
15,July,597,2017
16,July,157,2017
17,July,153,2017
18,July,59,2017
19,July,69,2017
20,July,78,2017
21,July,185,2017
22,July,569,2017
23,July,136,2017
24,July,64,2017
25,July,57,2017
26,July,79,2017
27,July,92,2017
28,July,192,2017
29,July,619,2017
30,July,136,2017
31,July,72,2017
1,August,77,2017
2,August,55,2017
3,August,79,2017
4,August,193,2017
5,August,646,2017
6,August,153,2017
7,August,86,2017
8,August,138,2017
9,August,69,2017
10,August,96,2017
11,August,218,2017
12,August,755,2017
13,August,174,2017
14,August,83,2017
15,August,92,2017
16,August,90,2017
17,August,130,2017
18,August,275,2017
19,August,820,2017
20,August,200,2017
21,August,92,2017
22,August,67,2017
23,August,88,2017
24,August,94,2017
25,August,285,2017
26,August,1059,2017
27,August,247,2017
28,August,102,2017
29,August,61,2017
30,August,61,2017
31,August,105,2017
1,September,344,2017
2,September,1070,2017
3,September,196,2017
4,September,104,2017
5,September,71,2017
6,September,89,2017
7,September,120,2017
8,September,328,2017
9,September,1253,2017
10,September,215,2017
11,September,84,2017
12,September,76,2017
13,September,75,2017
14,September,112,2017
15,September,307,2017
16,September,1280,2017
17,September,300,2017
18,September,113,2017
19,September,83,2017
20,September,124,2017
21,September,122,2017
22,September,358,2017
23,September,1643,2017
24,September,355,2017
25,September,121,2017
26,September,79,2017
27,September,155,2017
28,September,182,2017
29,September,448,2017
30,September,1435,2017
1,October,516,2017
2,October,94,2017
3,October,107,2017
4,October,93,2017
5,October,150,2017
6,October,466,2017
7,October,1736,2017
8,October,329,2017
9,October,84,2017
10,October,184,2017
11,October,84,2017
12,October,129,2017
13,October,320,2017
14,October,1662,2017
15,October,306,2017
16,October,101,2017
17,October,105,2017
18,October,89,2017
19,October,136,2017
20,October,446,2017
21,October,1709,2017
22,October,377,2017
23,October,105,2017
24,October,72,2017
25,October,88,2017
26,October,140,2017
27,October,462,2017
28,October,1665,2017
29,October,307,2017
30,October,93,2017
31,October,91,2017
1,November,76,2017
2,November,119,2017
3,November,387,2017
4,November,1528,2017
5,November,419,2017
6,November,176,2017
7,November,71,2017
8,November,88,2017
9,November,110,2017
10,November,393,2017
11,November,1661,2017
12,November,394,2017
13,November,108,2017
14,November,89,2017
15,November,74,2017
16,November,111,2017
17,November,479,2017
18,November,1645,2017
19,November,545,2017
20,November,144,2017
21,November,88,2017
22,November,83,2017
23,November,133,2017
24,November,434,2017
25,November,1737,2017
26,November,903,2017
27,November,231,2017
28,November,123,2017
29,November,86,2017
30,November,135,2017
1,December,387,2017
2,December,1208,2017
3,December,789,2017
4,December,209,2017
5,December,97,2017
6,December,115,2017
7,December,118,2017
8,December,320,2017
9,December,932,2017
10,December,683,2017
11,December,223,2017
12,December,152,2017
13,December,88,2017
14,December,119,2017
15,December,230,2017
16,December,679,2017
17,December,758,2017
18,December,243,2017
19,December,90,2017
20,December,136,2017
21,December,123,2017
22,December,195,2017
23,December,262,2017
24,December,161,2017
25,December,34,2017
26,December,57,2017
27,December,117,2017
28,December,275,2017
29,December,241,2017
30,December,334,2017
31,December,496,2017
1,January,91,2016
2,January,493,2016
3,January,201,2016
4,January,150,2016
5,January,94,2016
6,January,125,2016
7,January,117,2016
8,January,348,2016
9,January,1003,2016
10,January,237,2016
11,January,95,2016
12,January,93,2016
13,January,74,2016
14,January,101,2016
15,January,284,2016
16,January,1197,2016
17,January,185,2016
18,January,111,2016
19,January,63,2016
20,January,74,2016
21,January,114,2016
22,January,252,2016
23,January,861,2016
24,January,302,2016
25,January,173,2016
26,January,71,2016
27,January,65,2016
28,January,78,2016
29,January,208,2016
30,January,812,2016
31,January,167,2016
1,February,66,2016
2,February,58,2016
3,February,40,2016
4,February,89,2016
5,February,236,2016
6,February,1205,2016
7,February,221,2016
8,February,95,2016
9,February,52,2016
10,February,81,2016
11,February,92,2016
12,February,310,2016
13,February,944,2016
14,February,530,2016
15,February,118,2016
16,February,75,2016
17,February,72,2016
18,February,120,2016
19,February,344,2016
20,February,1381,2016
21,February,228,2016
22,February,108,2016
23,February,49,2016
24,February,86,2016
25,February,94,2016
26,February,372,2016
27,February,1483,2016
28,February,287,2016
29,February,262,2016
1,March,108,2016
2,March,75,2016
3,March,126,2016
4,March,418,2016
5,March,1819,2016
6,March,349,2016
7,March,92,2016
8,March,90,2016
9,March,86,2016
10,March,132,2016
11,March,447,2016
12,March,1938,2016
13,March,418,2016
14,March,94,2016
15,March,75,2016
16,March,91,2016
17,March,134,2016
18,March,497,2016
19,March,1930,2016
20,March,416,2016
21,March,115,2016
22,March,83,2016
23,March,110,2016
24,March,302,2016
25,March,116,2016
26,March,937,2016
27,March,235,2016
28,March,75,2016
29,March,134,2016
30,March,114,2016
31,March,121,2016
1,April,406,2016
2,April,1898,2016
3,April,317,2016
4,April,122,2016
5,April,75,2016
6,April,86,2016
7,April,123,2016
8,April,415,2016
9,April,1492,2016
10,April,269,2016
11,April,129,2016
12,April,80,2016
13,April,71,2016
14,April,125,2016
15,April,396,2016
16,April,1694,2016
17,April,241,2016
18,April,118,2016
19,April,64,2016
20,April,98,2016
21,April,123,2016
22,April,323,2016
23,April,1410,2016
24,April,499,2016
25,April,63,2016
26,April,99,2016
27,April,78,2016
28,April,105,2016
29,April,280,2016
30,April,1231,2016
1,May,319,2016
2,May,86,2016
3,May,55,2016
4,May,103,2016
5,May,130,2016
6,May,315,2016
7,May,1118,2016
8,May,194,2016
9,May,100,2016
10,May,62,2016
11,May,85,2016
12,May,117,2016
13,May,192,2016
14,May,1033,2016
15,May,226,2016
16,May,125,2016
17,May,63,2016
18,May,82,2016
19,May,82,2016
20,May,278,2016
21,May,1027,2016
22,May,207,2016
23,May,88,2016
24,May,59,2016
25,May,65,2016
26,May,79,2016
27,May,196,2016
28,May,880,2016
29,May,153,2016
30,May,69,2016
31,May,49,2016
1,June,106,2016
2,June,89,2016
3,June,185,2016
4,June,758,2016
5,June,190,2016
6,June,156,2016
7,June,53,2016
8,June,78,2016
9,June,103,2016
10,June,212,2016
11,June,681,2016
12,June,297,2016
13,June,59,2016
14,June,65,2016
15,June,67,2016
16,June,112,2016
17,June,161,2016
18,June,720,2016
19,June,147,2016
20,June,86,2016
21,June,78,2016
22,June,83,2016
23,June,62,2016
24,June,199,2016
25,June,671,2016
26,June,187,2016
27,June,99,2016
28,June,87,2016
29,June,56,2016
30,June,91,2016
1,July,209,2016
2,July,724,2016
3,July,172,2016
4,July,91,2016
5,July,55,2016
6,July,59,2016
7,July,122,2016
8,July,226,2016
9,July,637,2016
10,July,176,2016
11,July,73,2016
12,July,75,2016
13,July,68,2016
14,July,86,2016
15,July,168,2016
16,July,645,2016
17,July,151,2016
18,July,96,2016
19,July,65,2016
20,July,75,2016
21,July,88,2016
22,July,183,2016
23,July,548,2016
24,July,138,2016
25,July,98,2016
26,July,43,2016
27,July,48,2016
28,July,88,2016
29,July,180,2016
30,July,589,2016
31,July,156,2016
1,August,95,2016
2,August,52,2016
3,August,59,2016
4,August,82,2016
5,August,194,2016
6,August,819,2016
7,August,181,2016
8,August,201,2016
9,August,57,2016
10,August,78,2016
11,August,71,2016
12,August,227,2016
13,August,640,2016
14,August,166,2016
15,August,98,2016
16,August,88,2016
17,August,55,2016
18,August,106,2016
19,August,250,2016
20,August,1008,2016
21,August,180,2016
22,August,104,2016
23,August,68,2016
24,August,59,2016
25,August,91,2016
26,August,324,2016
27,August,1040,2016
28,August,304,2016
29,August,97,2016
30,August,59,2016
31,August,58,2016
1,September,158,2016
2,September,258,2016
3,September,1266,2016
4,September,212,2016
5,September,103,2016
6,September,82,2016
7,September,76,2016
8,September,122,2016
9,September,415,2016
10,September,1377,2016
11,September,174,2016
12,September,89,2016
13,September,69,2016
14,September,85,2016
15,September,90,2016
16,September,428,2016
17,September,1503,2016
18,September,309,2016
19,September,127,2016
20,September,104,2016
21,September,75,2016
22,September,124,2016
23,September,422,2016
24,September,1703,2016
25,September,434,2016
26,September,122,2016
27,September,111,2016
28,September,133,2016
29,September,144,2016
30,September,457,2016
1,October,1687,2016
2,October,595,2016
3,October,127,2016
4,October,76,2016
5,October,119,2016
6,October,122,2016
7,October,457,2016
8,October,1774,2016
9,October,269,2016
10,October,171,2016
11,October,81,2016
12,October,124,2016
13,October,108,2016
14,October,416,2016
15,October,1941,2016
16,October,405,2016
17,October,189,2016
18,October,114,2016
19,October,77,2016
20,October,142,2016
21,October,456,2016
22,October,1859,2016
23,October,324,2016
24,October,399,2016
25,October,135,2016
26,October,107,2016
27,October,147,2016
28,October,460,2016
29,October,1763,2016
30,October,435,2016
31,October,470,2016
1,November,243,2016
2,November,141,2016
3,November,91,2016
4,November,423,2016
5,November,1784,2016
6,November,393,2016
7,November,601,2016
8,November,190,2016
9,November,104,2016
10,November,153,2016
11,November,563,2016
12,November,1802,2016
13,November,294,2016
14,November,766,2016
15,November,191,2016
16,November,105,2016
17,November,122,2016
18,November,486,2016
19,November,1480,2016
20,November,421,2016
21,November,794,2016
22,November,216,2016
23,November,133,2016
24,November,130,2016
25,November,353,2016
26,November,1319,2016
27,November,388,2016
28,November,832,2016
29,November,194,2016
30,November,79,2016
1,December,118,2016
2,December,286,2016
3,December,897,2016
4,December,315,2016
5,December,706,2016
6,December,194,2016
7,December,70,2016
8,December,104,2016
9,December,244,2016
10,December,790,2016
11,December,267,2016
12,December,751,2016
13,December,147,2016
14,December,91,2016
15,December,96,2016
16,December,277,2016
17,December,508,2016
18,December,314,2016
19,December,772,2016
20,December,291,2016
21,December,151,2016
22,December,138,2016
23,December,163,2016
24,December,119,2016
25,December,42,2016
26,December,87,2016
27,December,225,2016
28,December,159,2016
29,December,227,2016
30,December,221,2016
31,December,407,2016
1,January,82,2015
2,January,202,2015
3,January,721,2015
4,January,183,2015
5,January,156,2015
6,January,98,2015
7,January,107,2015
8,January,147,2015
9,January,313,2015
10,January,1148,2015
11,January,238,2015
12,January,93,2015
13,January,44,2015
14,January,79,2015
15,January,164,2015
16,January,283,2015
17,January,1014,2015
18,January,254,2015
19,January,91,2015
20,January,82,2015
21,January,94,2015
22,January,101,2015
23,January,247,2015
24,January,1000,2015
25,January,466,2015
26,January,94,2015
27,January,75,2015
28,January,59,2015
29,January,81,2015
30,January,175,2015
31,January,910,2015
1,February,196,2015
2,February,99,2015
3,February,52,2015
4,February,45,2015
5,February,89,2015
6,February,283,2015
7,February,1228,2015
8,February,291,2015
9,February,113,2015
10,February,57,2015
11,February,79,2015
12,February,110,2015
13,February,196,2015
14,February,1750,2015
15,February,314,2015
16,February,103,2015
17,February,85,2015
18,February,86,2015
19,February,116,2015
20,February,376,2015
21,February,1487,2015
22,February,291,2015
23,February,109,2015
24,February,86,2015
25,February,74,2015
26,February,110,2015
27,February,359,2015
28,February,1599,2015
1,March,370,2015
2,March,91,2015
3,March,89,2015
4,March,98,2015
5,March,120,2015
6,March,449,2015
7,March,1810,2015
8,March,526,2015
9,March,111,2015
10,March,96,2015
11,March,88,2015
12,March,123,2015
13,March,297,2015
14,March,1922,2015
15,March,334,2015
16,March,106,2015
17,March,78,2015
18,March,93,2015
19,March,124,2015
20,March,513,2015
21,March,2073,2015
22,March,294,2015
23,March,80,2015
24,March,60,2015
25,March,79,2015
26,March,131,2015
27,March,487,2015
28,March,2100,2015
29,March,338,2015
30,March,83,2015
31,March,81,2015
1,April,94,2015
2,April,268,2015
3,April,95,2015
4,April,966,2015
5,April,225,2015
6,April,82,2015
7,April,109,2015
8,April,141,2015
9,April,130,2015
10,April,525,2015
11,April,2007,2015
12,April,354,2015
13,April,93,2015
14,April,73,2015
15,April,107,2015
16,April,119,2015
17,April,396,2015
18,April,1848,2015
19,April,314,2015
20,April,129,2015
21,April,80,2015
22,April,78,2015
23,April,121,2015
24,April,377,2015
25,April,533,2015
26,April,397,2015
27,April,67,2015
28,April,85,2015
29,April,77,2015
30,April,108,2015
1,May,457,2015
2,May,1461,2015
3,May,297,2015
4,May,93,2015
5,May,103,2015
6,May,63,2015
7,May,75,2015
8,May,252,2015
9,May,1149,2015
10,May,224,2015
11,May,78,2015
12,May,68,2015
13,May,45,2015
14,May,96,2015
15,May,454,2015
16,May,1039,2015
17,May,211,2015
18,May,107,2015
19,May,48,2015
20,May,143,2015
21,May,82,2015
22,May,213,2015
23,May,882,2015
24,May,228,2015
25,May,102,2015
26,May,49,2015
27,May,77,2015
28,May,86,2015
29,May,192,2015
30,May,867,2015
31,May,221,2015
1,June,81,2015
2,June,51,2015
3,June,73,2015
4,June,70,2015
5,June,224,2015
6,June,917,2015
7,June,382,2015
8,June,67,2015
9,June,77,2015
10,June,69,2015
11,June,85,2015
12,June,199,2015
13,June,548,2015
14,June,156,2015
15,June,111,2015
16,June,66,2015
17,June,63,2015
18,June,72,2015
19,June,176,2015
20,June,641,2015
21,June,176,2015
22,June,89,2015
23,June,62,2015
24,June,85,2015
25,June,89,2015
26,June,200,2015
27,June,813,2015
28,June,209,2015
29,June,79,2015
30,June,76,2015
1,July,117,2015
2,July,78,2015
3,July,207,2015
4,July,779,2015
5,July,159,2015
6,July,87,2015
7,July,91,2015
8,July,75,2015
9,July,84,2015
10,July,186,2015
11,July,569,2015
12,July,143,2015
13,July,62,2015
14,July,70,2015
15,July,70,2015
16,July,82,2015
17,July,156,2015
18,July,620,2015
19,July,148,2015
20,July,99,2015
21,July,67,2015
22,July,53,2015
23,July,85,2015
24,July,162,2015
25,July,625,2015
26,July,181,2015
27,July,99,2015
28,July,62,2015
29,July,68,2015
30,July,80,2015
31,July,184,2015
1,August,734,2015
2,August,169,2015
3,August,82,2015
4,August,56,2015
5,August,69,2015
6,August,98,2015
7,August,222,2015
8,August,980,2015
9,August,181,2015
10,August,112,2015
11,August,46,2015
12,August,69,2015
13,August,61,2015
14,August,211,2015
15,August,840,2015
16,August,206,2015
17,August,72,2015
18,August,64,2015
19,August,60,2015
20,August,98,2015
21,August,248,2015
22,August,908,2015
23,August,177,2015
24,August,99,2015
25,August,63,2015
26,August,65,2015
27,August,95,2015
28,August,323,2015
29,August,965,2015
30,August,214,2015
31,August,82,2015
1,September,100,2015
2,September,75,2015
3,September,100,2015
4,September,294,2015
5,September,1248,2015
6,September,227,2015
7,September,94,2015
8,September,72,2015
9,September,117,2015
10,September,116,2015
11,September,225,2015
12,September,1359,2015
13,September,241,2015
14,September,119,2015
15,September,86,2015
16,September,80,2015
17,September,100,2015
18,September,383,2015
19,September,1570,2015
20,September,376,2015
21,September,123,2015
22,September,73,2015
23,September,86,2015
24,September,125,2015
25,September,456,2015
26,September,1872,2015
27,September,405,2015
28,September,100,2015
29,September,80,2015
30,September,88,2015
1,October,210,2015
2,October,424,2015
3,October,1508,2015
4,October,591,2015
5,October,112,2015
6,October,75,2015
7,October,82,2015
8,October,163,2015
9,October,432,2015
10,October,2144,2015
11,October,344,2015
12,October,100,2015
13,October,59,2015
14,October,77,2015
15,October,148,2015
16,October,410,2015
17,October,1654,2015
18,October,375,2015
19,October,81,2015
20,October,61,2015
21,October,99,2015
22,October,111,2015
23,October,397,2015
24,October,1629,2015
25,October,303,2015
26,October,92,2015
27,October,69,2015
28,October,56,2015
29,October,85,2015
30,October,395,2015
31,October,1302,2015
1,November,330,2015
2,November,106,2015
3,November,49,2015
4,November,52,2015
5,November,86,2015
6,November,338,2015
7,November,1439,2015
8,November,318,2015
9,November,87,2015
10,November,72,2015
11,November,101,2015
12,November,82,2015
13,November,224,2015
14,November,1349,2015
15,November,440,2015
16,November,119,2015
17,November,60,2015
18,November,69,2015
19,November,90,2015
20,November,356,2015
21,November,1269,2015
22,November,714,2015
23,November,184,2015
24,November,80,2015
25,November,81,2015
26,November,100,2015
27,November,339,2015
28,November,1159,2015
29,November,682,2015
30,November,166,2015
1,December,108,2015
2,December,83,2015
3,December,88,2015
4,December,241,2015
5,December,915,2015
6,December,867,2015
7,December,191,2015
8,December,102,2015
9,December,79,2015
10,December,109,2015
11,December,210,2015
12,December,821,2015
13,December,671,2015
14,December,238,2015
15,December,110,2015
16,December,92,2015
17,December,100,2015
18,December,228,2015
19,December,516,2015
20,December,709,2015
21,December,246,2015
22,December,148,2015
23,December,104,2015
24,December,129,2015
25,December,50,2015
26,December,63,2015
27,December,417,2015
28,December,229,2015
29,December,160,2015
30,December,150,2015
31,December,353,2015
1,January,94,2014
2,January,144,2014
3,January,329,2014
4,January,920,2014
5,January,229,2014
6,January,112,2014
7,January,110,2014
8,January,129,2014
9,January,122,2014
10,January,310,2014
11,January,1175,2014
12,January,233,2014
13,January,93,2014
14,January,94,2014
15,January,99,2014
16,January,117,2014
17,January,248,2014
18,January,1127,2014
19,January,221,2014
20,January,111,2014
21,January,64,2014
22,January,87,2014
23,January,104,2014
24,January,275,2014
25,January,1092,2014
26,January,424,2014
27,January,71,2014
28,January,73,2014
29,January,47,2014
30,January,69,2014
31,January,199,2014
1,February,1175,2014
2,February,225,2014
3,February,75,2014
4,February,51,2014
5,February,78,2014
6,February,78,2014
7,February,278,2014
8,February,1221,2014
9,February,236,2014
10,February,110,2014
11,February,63,2014
12,February,68,2014
13,February,80,2014
14,February,811,2014
15,February,1407,2014
16,February,255,2014
17,February,107,2014
18,February,68,2014
19,February,74,2014
20,February,114,2014
21,February,331,2014
22,February,1645,2014
23,February,283,2014
24,February,112,2014
25,February,93,2014
26,February,92,2014
27,February,91,2014
28,February,445,2014
1,March,2017,2014
2,March,375,2014
3,March,111,2014
4,March,86,2014
5,March,91,2014
6,March,129,2014
7,March,419,2014
8,March,1820,2014
9,March,492,2014
10,March,102,2014
11,March,115,2014
12,March,109,2014
13,March,104,2014
14,March,502,2014
15,March,1813,2014
16,March,327,2014
17,March,106,2014
18,March,87,2014
19,March,106,2014
20,March,121,2014
21,March,439,2014
22,March,1962,2014
23,March,335,2014
24,March,91,2014
25,March,88,2014
26,March,102,2014
27,March,115,2014
28,March,476,2014
29,March,1824,2014
30,March,298,2014
31,March,85,2014
1,April,88,2014
2,April,53,2014
3,April,99,2014
4,April,621,2014
5,April,1949,2014
6,April,337,2014
7,April,94,2014
8,April,79,2014
9,April,65,2014
10,April,118,2014
11,April,441,2014
12,April,2056,2014
13,April,367,2014
14,April,169,2014
15,April,98,2014
16,April,136,2014
17,April,287,2014
18,April,94,2014
19,April,877,2014
20,April,264,2014
21,April,54,2014
22,April,127,2014
23,April,103,2014
24,April,290,2014
25,April,250,2014
26,April,1731,2014
27,April,296,2014
28,April,117,2014
29,April,82,2014
30,April,93,2014
1,May,151,2014
2,May,345,2014
3,May,1415,2014
4,May,300,2014
5,May,101,2014
6,May,77,2014
7,May,78,2014
8,May,121,2014
9,May,289,2014
10,May,1225,2014
11,May,175,2014
12,May,97,2014
13,May,49,2014
14,May,83,2014
15,May,101,2014
16,May,254,2014
17,May,1106,2014
18,May,266,2014
19,May,93,2014
20,May,128,2014
21,May,78,2014
22,May,75,2014
23,May,215,2014
24,May,899,2014
25,May,244,2014
26,May,82,2014
27,May,56,2014
28,May,79,2014
29,May,92,2014
30,May,188,2014
31,May,780,2014
1,June,283,2014
2,June,92,2014
3,June,57,2014
4,June,59,2014
5,June,81,2014
6,June,220,2014
7,June,835,2014
8,June,398,2014
9,June,67,2014
10,June,68,2014
11,June,63,2014
12,June,72,2014
13,June,129,2014
14,June,760,2014
15,June,177,2014
16,June,106,2014
17,June,54,2014
18,June,76,2014
19,June,74,2014
20,June,188,2014
21,June,665,2014
22,June,153,2014
23,June,95,2014
24,June,56,2014
25,June,64,2014
26,June,123,2014
27,June,181,2014
28,June,710,2014
29,June,199,2014
30,June,82,2014
1,July,98,2014
2,July,85,2014
3,July,80,2014
4,July,219,2014
5,July,735,2014
6,July,182,2014
7,July,172,2014
8,July,75,2014
9,July,58,2014
10,July,85,2014
11,July,180,2014
12,July,703,2014
13,July,147,2014
14,July,93,2014
15,July,63,2014
16,July,56,2014
17,July,76,2014
18,July,150,2014
19,July,603,2014
20,July,169,2014
21,July,96,2014
22,July,71,2014
23,July,67,2014
24,July,81,2014
25,July,176,2014
26,July,680,2014
27,July,163,2014
28,July,76,2014
29,July,46,2014
30,July,78,2014
31,July,84,2014
1,August,223,2014
2,August,764,2014
3,August,162,2014
4,August,80,2014
5,August,54,2014
6,August,64,2014
7,August,70,2014
8,August,289,2014
9,August,746,2014
10,August,189,2014
11,August,100,2014
12,August,60,2014
13,August,82,2014
14,August,101,2014
15,August,230,2014
16,August,923,2014
17,August,213,2014
18,August,78,2014
19,August,87,2014
20,August,78,2014
21,August,90,2014
22,August,252,2014
23,August,937,2014
24,August,205,2014
25,August,90,2014
26,August,104,2014
27,August,80,2014
28,August,101,2014
29,August,308,2014
30,August,1157,2014
31,August,266,2014
1,September,123,2014
2,September,72,2014
3,September,79,2014
4,September,81,2014
5,September,345,2014
6,September,1485,2014
7,September,276,2014
8,September,114,2014
9,September,136,2014
10,September,90,2014
11,September,76,2014
12,September,315,2014
13,September,1174,2014
14,September,330,2014
15,September,116,2014
16,September,88,2014
17,September,60,2014
18,September,120,2014
19,September,353,2014
20,September,1783,2014
21,September,370,2014
22,September,117,2014
23,September,69,2014
24,September,81,2014
25,September,136,2014
26,September,412,2014
27,September,1507,2014
28,September,429,2014
29,September,110,2014
30,September,77,2014
1,October,160,2014
2,October,137,2014
3,October,420,2014
4,October,2037,2014
5,October,637,2014
6,October,103,2014
7,October,97,2014
8,October,91,2014
9,October,108,2014
10,October,535,2014
11,October,1814,2014
12,October,348,2014
13,October,83,2014
14,October,99,2014
15,October,94,2014
16,October,141,2014
17,October,418,2014
18,October,1917,2014
19,October,324,2014
20,October,118,2014
21,October,69,2014
22,October,75,2014
23,October,124,2014
24,October,445,2014
25,October,1980,2014
26,October,450,2014
27,October,92,2014
28,October,92,2014
29,October,61,2014
30,October,104,2014
31,October,372,2014
1,November,1951,2014
2,November,419,2014
3,November,171,2014
4,November,93,2014
5,November,87,2014
6,November,97,2014
7,November,409,2014
8,November,1871,2014
9,November,309,2014
10,November,91,2014
11,November,102,2014
12,November,57,2014
13,November,93,2014
14,November,490,2014
15,November,1647,2014
16,November,375,2014
17,November,97,2014
18,November,60,2014
19,November,85,2014
20,November,117,2014
21,November,345,2014
22,November,1596,2014
23,November,415,2014
24,November,125,2014
25,November,60,2014
26,November,70,2014
27,November,128,2014
28,November,357,2014
29,November,1461,2014
30,November,690,2014
1,December,182,2014
2,December,45,2014
3,December,68,2014
4,December,79,2014
5,December,263,2014
6,December,1013,2014
7,December,796,2014
8,December,250,2014
9,December,60,2014
10,December,100,2014
11,December,196,2014
12,December,268,2014
13,December,677,2014
14,December,844,2014
15,December,226,2014
16,December,107,2014
17,December,78,2014
18,December,136,2014
19,December,206,2014
20,December,634,2014
21,December,807,2014
22,December,323,2014
23,December,157,2014
24,December,127,2014
25,December,48,2014
26,December,56,2014
27,December,315,2014
28,December,684,2014
29,December,264,2014
30,December,145,2014
31,December,375,2014
1,January,59,2013
2,January,138,2013
3,January,164,2013
4,January,411,2013
5,January,943,2013
6,January,221,2013
7,January,90,2013
8,January,87,2013
9,January,107,2013
10,January,116,2013
11,January,259,2013
12,January,1152,2013
13,January,267,2013
14,January,106,2013
15,January,108,2013
16,January,73,2013
17,January,77,2013
18,January,278,2013
19,January,1312,2013
20,January,213,2013
21,January,88,2013
22,January,43,2013
23,January,62,2013
24,January,98,2013
25,January,344,2013
26,January,923,2013
27,January,438,2013
28,January,51,2013
29,January,66,2013
30,January,56,2013
31,January,65,2013
1,February,272,2013
2,February,1243,2013
3,February,237,2013
4,February,63,2013
5,February,46,2013
6,February,69,2013
7,February,95,2013
8,February,274,2013
9,February,1283,2013
10,February,248,2013
11,February,68,2013
12,February,109,2013
13,February,78,2013
14,February,311,2013
15,February,322,2013
16,February,1479,2013
17,February,232,2013
18,February,71,2013
19,February,95,2013
20,February,68,2013
21,February,76,2013
22,February,362,2013
23,February,1646,2013
24,February,255,2013
25,February,103,2013
26,February,87,2013
27,February,53,2013
28,February,89,2013
1,March,618,2013
2,March,1793,2013
3,March,497,2013
4,March,73,2013
5,March,70,2013
6,March,82,2013
7,March,163,2013
8,March,399,2013
9,March,1844,2013
10,March,512,2013
11,March,79,2013
12,March,89,2013
13,March,138,2013
14,March,141,2013
15,March,338,2013
16,March,1968,2013
17,March,411,2013
18,March,98,2013
19,March,72,2013
20,March,75,2013
21,March,130,2013
22,March,445,2013
23,March,2240,2013
24,March,368,2013
25,March,109,2013
26,March,57,2013
27,March,104,2013
28,March,210,2013
29,March,128,2013
30,March,1029,2013
31,March,304,2013
1,April,66,2013
2,April,95,2013
3,April,67,2013
4,April,141,2013
5,April,437,2013
6,April,2151,2013
7,April,339,2013
8,April,102,2013
9,April,56,2013
10,April,107,2013
11,April,92,2013
12,April,357,2013
13,April,1736,2013
14,April,294,2013
15,April,70,2013
16,April,69,2013
17,April,53,2013
18,April,93,2013
19,April,317,2013
20,April,1754,2013
21,April,300,2013
22,April,109,2013
23,April,71,2013
24,April,160,2013
25,April,55,2013
26,April,463,2013
27,April,1491,2013
28,April,261,2013
29,April,85,2013
30,April,65,2013
1,May,72,2013
2,May,100,2013
3,May,263,2013
4,May,1304,2013
5,May,317,2013
6,May,87,2013
7,May,61,2013
8,May,76,2013
9,May,99,2013
10,May,247,2013
11,May,1127,2013
12,May,218,2013
13,May,85,2013
14,May,54,2013
15,May,80,2013
16,May,77,2013
17,May,219,2013
18,May,1076,2013
19,May,238,2013
20,May,124,2013
21,May,64,2013
22,May,64,2013
23,May,62,2013
24,May,164,2013
25,May,1014,2013
26,May,215,2013
27,May,83,2013
28,May,107,2013
29,May,68,2013
30,May,81,2013
31,May,185,2013
1,June,808,2013
2,June,188,2013
3,June,70,2013
4,June,38,2013
5,June,49,2013
6,June,138,2013
7,June,209,2013
8,June,773,2013
9,June,280,2013
10,June,49,2013
11,June,80,2013
12,June,63,2013
13,June,80,2013
14,June,156,2013
15,June,599,2013
16,June,199,2013
17,June,75,2013
18,June,50,2013
19,June,48,2013
20,June,70,2013
21,June,188,2013
22,June,714,2013
23,June,180,2013
24,June,88,2013
25,June,69,2013
26,June,79,2013
27,June,96,2013
28,June,163,2013
29,June,724,2013
30,June,169,2013
1,July,89,2013
2,July,65,2013
3,July,85,2013
4,July,101,2013
5,July,170,2013
6,July,685,2013
7,July,258,2013
8,July,84,2013
9,July,41,2013
10,July,82,2013
11,July,87,2013
12,July,215,2013
13,July,603,2013
14,July,154,2013
15,July,90,2013
16,July,68,2013
17,July,78,2013
18,July,99,2013
19,July,135,2013
20,July,655,2013
21,July,119,2013
22,July,49,2013
23,July,81,2013
24,July,81,2013
25,July,67,2013
26,July,163,2013
27,July,604,2013
28,July,198,2013
29,July,66,2013
30,July,71,2013
31,July,52,2013
1,August,74,2013
2,August,172,2013
3,August,702,2013
4,August,212,2013
5,August,78,2013
6,August,58,2013
7,August,73,2013
8,August,177,2013
9,August,157,2013
10,August,742,2013
11,August,210,2013
12,August,72,2013
13,August,97,2013
14,August,74,2013
15,August,96,2013
16,August,250,2013
17,August,814,2013
18,August,318,2013
19,August,73,2013
20,August,58,2013
21,August,62,2013
22,August,79,2013
23,August,244,2013
24,August,1031,2013
25,August,245,2013
26,August,108,2013
27,August,91,2013
28,August,83,2013
29,August,99,2013
30,August,265,2013
31,August,1157,2013
1,September,325,2013
2,September,63,2013
3,September,56,2013
4,September,62,2013
5,September,90,2013
6,September,317,2013
7,September,1388,2013
8,September,304,2013
9,September,125,2013
10,September,79,2013
11,September,51,2013
12,September,144,2013
13,September,274,2013
14,September,1460,2013
15,September,271,2013
16,September,105,2013
17,September,59,2013
18,September,73,2013
19,September,86,2013
20,September,400,2013
21,September,1783,2013
22,September,333,2013
23,September,82,2013
24,September,99,2013
25,September,109,2013
26,September,117,2013
27,September,412,2013
28,September,1535,2013
29,September,443,2013
30,September,103,2013
1,October,115,2013
2,October,91,2013
3,October,115,2013
4,October,377,2013
5,October,2102,2013
6,October,680,2013
7,October,108,2013
8,October,86,2013
9,October,83,2013
10,October,146,2013
11,October,373,2013
12,October,1976,2013
13,October,311,2013
14,October,81,2013
15,October,91,2013
16,October,84,2013
17,October,116,2013
18,October,431,2013
19,October,1906,2013
20,October,415,2013
21,October,64,2013
22,October,74,2013
23,October,103,2013
24,October,102,2013
25,October,408,2013
26,October,2053,2013
27,October,368,2013
28,October,139,2013
29,October,36,2013
30,October,73,2013
31,October,102,2013
1,November,491,2013
2,November,1894,2013
3,November,423,2013
4,November,256,2013
5,November,75,2013
6,November,77,2013
7,November,131,2013
8,November,411,2013
9,November,1933,2013
10,November,399,2013
11,November,94,2013
12,November,106,2013
13,November,117,2013
14,November,98,2013
15,November,421,2013
16,November,1889,2013
17,November,351,2013
18,November,143,2013
19,November,51,2013
20,November,101,2013
21,November,120,2013
22,November,475,2013
23,November,1801,2013
24,November,495,2013
25,November,113,2013
26,November,67,2013
27,November,91,2013
28,November,118,2013
29,November,335,2013
30,November,1516,2013
1,December,626,2013
2,December,159,2013
3,December,83,2013
4,December,80,2013
5,December,81,2013
6,December,193,2013
7,December,931,2013
8,December,617,2013
9,December,130,2013
10,December,83,2013
11,December,265,2013
12,December,424,2013
13,December,193,2013
14,December,641,2013
15,December,566,2013
16,December,171,2013
17,December,81,2013
18,December,122,2013
19,December,86,2013
20,December,214,2013
21,December,372,2013
22,December,483,2013
23,December,175,2013
24,December,114,2013
25,December,37,2013
26,December,53,2013
27,December,139,2013
28,December,313,2013
29,December,733,2013
30,December,228,2013
31,December,342,2013
1,January,167,2012
2,January,94,2012
3,January,140,2012
4,January,119,2012
5,January,163,2012
6,January,407,2012
7,January,1381,2012
8,January,324,2012
9,January,92,2012
10,January,94,2012
11,January,94,2012
12,January,138,2012
13,January,171,2012
14,January,1200,2012
15,January,214,2012
16,January,84,2012
17,January,82,2012
18,January,81,2012
19,January,84,2012
20,January,248,2012
21,January,1291,2012
22,January,247,2012
23,January,93,2012
24,January,84,2012
25,January,121,2012
26,January,151,2012
27,January,312,2012
28,January,1082,2012
29,January,200,2012
30,January,86,2012
31,January,55,2012
1,February,76,2012
2,February,81,2012
3,February,229,2012
4,February,1284,2012
5,February,223,2012
6,February,100,2012
7,February,67,2012
8,February,53,2012
9,February,69,2012
10,February,280,2012
11,February,1374,2012
12,February,385,2012
13,February,92,2012
14,February,263,2012
15,February,104,2012
16,February,99,2012
17,February,284,2012
18,February,1532,2012
19,February,233,2012
20,February,90,2012
21,February,91,2012
22,February,70,2012
23,February,90,2012
24,February,321,2012
25,February,1739,2012
26,February,317,2012
27,February,75,2012
28,February,85,2012
29,February,217,2012
1,March,104,2012
2,March,354,2012
3,March,1925,2012
4,March,338,2012
5,March,93,2012
6,March,60,2012
7,March,92,2012
8,March,101,2012
9,March,380,2012
10,March,1925,2012
11,March,575,2012
12,March,112,2012
13,March,82,2012
14,March,76,2012
15,March,95,2012
16,March,391,2012
17,March,1930,2012
18,March,372,2012
19,March,75,2012
20,March,70,2012
21,March,108,2012
22,March,88,2012
23,March,405,2012
24,March,2107,2012
25,March,365,2012
26,March,72,2012
27,March,89,2012
28,March,82,2012
29,March,119,2012
30,March,458,2012
31,March,2150,2012
1,April,313,2012
2,April,83,2012
3,April,86,2012
4,April,76,2012
5,April,250,2012
6,April,101,2012
7,April,1011,2012
8,April,276,2012
9,April,82,2012
10,April,122,2012
11,April,100,2012
12,April,149,2012
13,April,273,2012
14,April,1984,2012
15,April,403,2012
16,April,88,2012
17,April,82,2012
18,April,90,2012
19,April,95,2012
20,April,373,2012
21,April,1874,2012
22,April,358,2012
23,April,96,2012
24,April,103,2012
25,April,80,2012
26,April,115,2012
27,April,354,2012
28,April,1507,2012
29,April,314,2012
30,April,96,2012
1,May,81,2012
2,May,62,2012
3,May,78,2012
4,May,282,2012
5,May,1554,2012
6,May,386,2012
7,May,79,2012
8,May,74,2012
9,May,76,2012
10,May,81,2012
11,May,197,2012
12,May,1230,2012
13,May,118,2012
14,May,71,2012
15,May,66,2012
16,May,77,2012
17,May,74,2012
18,May,244,2012
19,May,1022,2012
20,May,272,2012
21,May,93,2012
22,May,63,2012
23,May,67,2012
24,May,89,2012
25,May,186,2012
26,May,970,2012
27,May,177,2012
28,May,87,2012
29,May,48,2012
30,May,61,2012
31,May,53,2012
1,June,191,2012
2,June,803,2012
3,June,202,2012
4,June,71,2012
5,June,78,2012
6,June,97,2012
7,June,65,2012
8,June,190,2012
9,June,840,2012
10,June,352,2012
11,June,50,2012
12,June,107,2012
13,June,46,2012
14,June,78,2012
15,June,157,2012
16,June,663,2012
17,June,144,2012
18,June,83,2012
19,June,67,2012
20,June,61,2012
21,June,54,2012
22,June,163,2012
23,June,667,2012
24,June,178,2012
25,June,91,2012
26,June,90,2012
27,June,83,2012
28,June,98,2012
29,June,179,2012
30,June,772,2012
1,July,239,2012
2,July,64,2012
3,July,54,2012
4,July,82,2012
5,July,76,2012
6,July,176,2012
7,July,769,2012
8,July,150,2012
9,July,126,2012
10,July,81,2012
11,July,69,2012
12,July,76,2012
13,July,137,2012
14,July,591,2012
15,July,153,2012
16,July,161,2012
17,July,92,2012
18,July,72,2012
19,July,60,2012
20,July,132,2012
21,July,630,2012
22,July,126,2012
23,July,102,2012
24,July,71,2012
25,July,68,2012
26,July,63,2012
27,July,155,2012
28,July,665,2012
29,July,191,2012
30,July,79,2012
31,July,72,2012
1,August,47,2012
2,August,79,2012
3,August,158,2012
4,August,808,2012
5,August,173,2012
6,August,93,2012
7,August,80,2012
8,August,123,2012
9,August,67,2012
10,August,214,2012
11,August,782,2012
12,August,214,2012
13,August,105,2012
14,August,66,2012
15,August,94,2012
16,August,81,2012
17,August,186,2012
18,August,898,2012
19,August,179,2012
20,August,82,2012
21,August,66,2012
22,August,75,2012
23,August,104,2012
24,August,227,2012
25,August,1147,2012
26,August,242,2012
27,August,74,2012
28,August,84,2012
29,August,57,2012
30,August,72,2012
31,August,308,2012
1,September,1475,2012
2,September,203,2012
3,September,90,2012
4,September,56,2012
5,September,67,2012
6,September,88,2012
7,September,288,2012
8,September,1337,2012
9,September,283,2012
10,September,109,2012
11,September,47,2012
12,September,80,2012
13,September,84,2012
14,September,305,2012
15,September,1451,2012
16,September,308,2012
17,September,105,2012
18,September,82,2012
19,September,94,2012
20,September,82,2012
21,September,331,2012
22,September,1819,2012
23,September,427,2012
24,September,115,2012
25,September,108,2012
26,September,101,2012
27,September,97,2012
28,September,423,2012
29,September,1714,2012
30,September,660,2012
1,October,137,2012
2,October,109,2012
3,October,91,2012
4,October,106,2012
5,October,399,2012
6,October,1861,2012
7,October,315,2012
8,October,125,2012
9,October,97,2012
10,October,166,2012
11,October,104,2012
12,October,544,2012
13,October,1633,2012
14,October,396,2012
15,October,105,2012
16,October,74,2012
17,October,88,2012
18,October,106,2012
19,October,381,2012
20,October,2214,2012
21,October,370,2012
22,October,108,2012
23,October,74,2012
24,October,86,2012
25,October,101,2012
26,October,459,2012
27,October,2078,2012
28,October,372,2012
29,October,113,2012
30,October,65,2012
31,October,84,2012
1,November,121,2012
2,November,429,2012
3,November,1897,2012
4,November,402,2012
5,November,210,2012
6,November,79,2012
7,November,65,2012
8,November,104,2012
9,November,431,2012
10,November,3040,2012
11,November,461,2012
12,November,145,2012
13,November,75,2012
14,November,95,2012
15,November,101,2012
16,November,406,2012
17,November,2062,2012
18,November,413,2012
19,November,148,2012
20,November,94,2012
21,November,88,2012
22,November,124,2012
23,November,414,2012
24,November,1972,2012
25,November,461,2012
26,November,202,2012
27,November,82,2012
28,November,82,2012
29,November,103,2012
30,November,360,2012
1,December,1583,2012
2,December,375,2012
3,December,196,2012
4,December,79,2012
5,December,81,2012
6,December,94,2012
7,December,271,2012
8,December,1106,2012
9,December,328,2012
10,December,251,2012
11,December,89,2012
12,December,1163,2012
13,December,99,2012
14,December,215,2012
15,December,790,2012
16,December,249,2012
17,December,393,2012
18,December,196,2012
19,December,96,2012
20,December,140,2012
21,December,186,2012
22,December,371,2012
23,December,275,2012
24,December,150,2012
25,December,41,2012
26,December,60,2012
27,December,131,2012
28,December,246,2012
29,December,277,2012
30,December,404,2012
31,December,799,2012
1,January,326,2011
2,January,269,2011
3,January,61,2011
4,January,115,2011
5,January,133,2011
6,January,127,2011
7,January,315,2011
8,January,1241,2011
9,January,278,2011
10,January,101,2011
11,January,188,2011
12,January,83,2011
13,January,44,2011
14,January,217,2011
15,January,1179,2011
16,January,229,2011
17,January,83,2011
18,January,78,2011
19,January,62,2011
20,January,70,2011
21,January,247,2011
22,January,1143,2011
23,January,231,2011
24,January,84,2011
25,January,111,2011
26,January,105,2011
27,January,62,2011
28,January,217,2011
29,January,969,2011
30,January,182,2011
31,January,45,2011
1,February,43,2011
2,February,52,2011
3,February,54,2011
4,February,191,2011
5,February,1223,2011
6,February,240,2011
7,February,62,2011
8,February,88,2011
9,February,67,2011
10,February,57,2011
11,February,339,2011
12,February,1363,2011
13,February,207,2011
14,February,298,2011
15,February,64,2011
16,February,56,2011
17,February,80,2011
18,February,287,2011
19,February,1418,2011
20,February,335,2011
21,February,112,2011
22,February,88,2011
23,February,58,2011
24,February,59,2011
25,February,298,2011
26,February,1711,2011
27,February,321,2011
28,February,105,2011
1,March,99,2011
2,March,88,2011
3,March,109,2011
4,March,366,2011
5,March,2014,2011
6,March,470,2011
7,March,82,2011
8,March,85,2011
9,March,78,2011
10,March,122,2011
11,March,463,2011
12,March,1980,2011
13,March,475,2011
14,March,75,2011
15,March,82,2011
16,March,61,2011
17,March,96,2011
18,March,425,2011
19,March,2005,2011
20,March,407,2011
21,March,95,2011
22,March,71,2011
23,March,92,2011
24,March,85,2011
25,March,394,2011
26,March,2105,2011
27,March,368,2011
28,March,84,2011
29,March,65,2011
30,March,88,2011
31,March,61,2011
1,April,305,2011
2,April,1891,2011
3,April,310,2011
4,April,75,2011
5,April,54,2011
6,April,63,2011
7,April,73,2011
8,April,365,2011
9,April,1824,2011
10,April,378,2011
11,April,99,2011
12,April,95,2011
13,April,55,2011
14,April,96,2011
15,April,381,2011
16,April,1959,2011
17,April,406,2011
18,April,110,2011
19,April,73,2011
20,April,95,2011
21,April,256,2011
22,April,97,2011
23,April,941,2011
24,April,334,2011
25,April,113,2011
26,April,50,2011
27,April,112,2011
28,April,106,2011
29,April,340,2011
30,April,1673,2011
1,May,468,2011
2,May,90,2011
3,May,77,2011
4,May,70,2011
5,May,111,2011
6,May,301,2011
7,May,1415,2011
8,May,231,2011
9,May,77,2011
10,May,72,2011
11,May,69,2011
12,May,79,2011
13,May,159,2011
14,May,1199,2011
15,May,318,2011
16,May,84,2011
17,May,48,2011
18,May,86,2011
19,May,63,2011
20,May,239,2011
21,May,1070,2011
22,May,231,2011
23,May,61,2011
24,May,61,2011
25,May,68,2011
26,May,58,2011
27,May,178,2011
28,May,933,2011
29,May,177,2011
30,May,94,2011
31,May,60,2011
1,June,68,2011
2,June,44,2011
3,June,175,2011
4,June,748,2011
5,June,244,2011
6,June,90,2011
7,June,75,2011
8,June,67,2011
9,June,77,2011
10,June,188,2011
11,June,887,2011
12,June,363,2011
13,June,46,2011
14,June,75,2011
15,June,67,2011
16,June,79,2011
17,June,141,2011
18,June,664,2011
19,June,173,2011
20,June,73,2011
21,June,78,2011
22,June,77,2011
23,June,46,2011
24,June,165,2011
25,June,703,2011
26,June,182,2011
27,June,90,2011
28,June,72,2011
29,June,67,2011
30,June,65,2011
1,July,184,2011
2,July,752,2011
3,July,178,2011
4,July,91,2011
5,July,75,2011
6,July,80,2011
7,July,101,2011
8,July,188,2011
9,July,665,2011
10,July,175,2011
11,July,104,2011
12,July,54,2011
13,July,60,2011
14,July,67,2011
15,July,168,2011
16,July,650,2011
17,July,153,2011
18,July,100,2011
19,July,54,2011
20,July,46,2011
21,July,74,2011
22,July,175,2011
23,July,620,2011
24,July,149,2011
25,July,79,2011
26,July,60,2011
27,July,44,2011
28,July,77,2011
29,July,147,2011
30,July,629,2011
31,July,139,2011
1,August,91,2011
2,August,63,2011
3,August,59,2011
4,August,61,2011
5,August,171,2011
6,August,795,2011
7,August,203,2011
8,August,118,2011
9,August,71,2011
10,August,80,2011
11,August,87,2011
12,August,194,2011
13,August,622,2011
14,August,176,2011
15,August,91,2011
16,August,85,2011
17,August,68,2011
18,August,78,2011
19,August,228,2011
20,August,1018,2011
21,August,195,2011
22,August,95,2011
23,August,70,2011
24,August,56,2011
25,August,62,2011
26,August,229,2011
27,August,1043,2011
28,August,247,2011
29,August,98,2011
30,August,62,2011
31,August,66,2011
1,September,121,2011
2,September,243,2011
3,September,1340,2011
4,September,226,2011
5,September,101,2011
6,September,78,2011
7,September,75,2011
8,September,88,2011
9,September,361,2011
10,September,1501,2011
11,September,274,2011
12,September,116,2011
13,September,83,2011
14,September,65,2011
15,September,71,2011
16,September,283,2011
17,September,1529,2011
18,September,332,2011
19,September,118,2011
20,September,79,2011
21,September,74,2011
22,September,96,2011
23,September,368,2011
24,September,1794,2011
25,September,380,2011
26,September,112,2011
27,September,67,2011
28,September,104,2011
29,September,84,2011
30,September,377,2011
1,October,1930,2011
2,October,600,2011
3,October,78,2011
4,October,79,2011
5,October,89,2011
6,October,119,2011
7,October,389,2011
8,October,1985,2011
9,October,581,2011
10,October,135,2011
11,October,85,2011
12,October,91,2011
13,October,91,2011
14,October,394,2011
15,October,2024,2011
16,October,348,2011
17,October,95,2011
18,October,92,2011
19,October,69,2011
20,October,122,2011
21,October,396,2011
22,October,2075,2011
23,October,363,2011
24,October,74,2011
25,October,63,2011
26,October,62,2011
27,October,117,2011
28,October,390,2011
29,October,1841,2011
30,October,454,2011
31,October,160,2011
1,November,143,2011
2,November,69,2011
3,November,88,2011
4,November,405,2011
5,November,1992,2011
6,November,408,2011
7,November,98,2011
8,November,75,2011
9,November,67,2011
10,November,114,2011
11,November,2577,2011
12,November,2159,2011
13,November,357,2011
14,November,78,2011
15,November,91,2011
16,November,74,2011
17,November,93,2011
18,November,435,2011
19,November,2020,2011
20,November,792,2011
21,November,123,2011
22,November,77,2011
23,November,73,2011
24,November,104,2011
25,November,419,2011
26,November,1972,2011
27,November,532,2011
28,November,109,2011
29,November,82,2011
30,November,67,2011
1,December,108,2011
2,December,333,2011
3,December,1468,2011
4,December,573,2011
5,December,159,2011
6,December,86,2011
7,December,81,2011
8,December,97,2011
9,December,284,2011
10,December,1253,2011
11,December,603,2011
12,December,208,2011
13,December,88,2011
14,December,70,2011
15,December,105,2011
16,December,259,2011
17,December,870,2011
18,December,702,2011
19,December,211,2011
20,December,111,2011
21,December,115,2011
22,December,123,2011
23,December,156,2011
24,December,160,2011
25,December,63,2011
26,December,87,2011
27,December,137,2011
28,December,156,2011
29,December,238,2011
30,December,228,2011
31,December,450,2011
1,January,140,2010
2,January,739,2010
3,January,259,2010
4,January,123,2010
5,January,90,2010
6,January,94,2010
7,January,111,2010
8,January,365,2010
9,January,1274,2010
10,January,348,2010
11,January,95,2010
12,January,86,2010
13,January,67,2010
14,January,75,2010
15,January,251,2010
16,January,1240,2010
17,January,254,2010
18,January,80,2010
19,January,60,2010
20,January,91,2010
21,January,72,2010
22,January,247,2010
23,January,1262,2010
24,January,338,2010
25,January,209,2010
26,January,103,2010
27,January,52,2010
28,January,75,2010
29,January,186,2010
30,January,1090,2010
31,January,238,2010
1,February,93,2010
2,February,68,2010
3,February,48,2010
4,February,50,2010
5,February,212,2010
6,February,1330,2010
7,February,282,2010
8,February,83,2010
9,February,64,2010
10,February,92,2010
11,February,79,2010
12,February,261,2010
13,February,1230,2010
14,February,751,2010
15,February,108,2010
16,February,87,2010
17,February,48,2010
18,February,79,2010
19,February,286,2010
20,February,1636,2010
21,February,296,2010
22,February,94,2010
23,February,62,2010
24,February,62,2010
25,February,95,2010
26,February,351,2010
27,February,1658,2010
28,February,368,2010
1,March,92,2010
2,March,67,2010
3,March,112,2010
4,March,90,2010
5,March,376,2010
6,March,2125,2010
7,March,538,2010
8,March,95,2010
9,March,86,2010
10,March,100,2010
11,March,96,2010
12,March,379,2010
13,March,1679,2010
14,March,319,2010
15,March,84,2010
16,March,79,2010
17,March,73,2010
18,March,103,2010
19,March,327,2010
20,March,2031,2010
21,March,327,2010
22,March,83,2010
23,March,70,2010
24,March,54,2010
25,March,117,2010
26,March,446,2010
27,March,2308,2010
28,March,425,2010
29,March,77,2010
30,March,64,2010
31,March,90,2010
1,April,194,2010
2,April,85,2010
3,April,1112,2010
4,April,316,2010
5,April,78,2010
6,April,108,2010
7,April,99,2010
8,April,120,2010
9,April,427,2010
10,April,2275,2010
11,April,434,2010
12,April,104,2010
13,April,63,2010
14,April,81,2010
15,April,93,2010
16,April,315,2010
17,April,1807,2010
18,April,373,2010
19,April,84,2010
20,April,79,2010
21,April,64,2010
22,April,73,2010
23,April,298,2010
24,April,1664,2010
25,April,399,2010
26,April,58,2010
27,April,83,2010
28,April,66,2010
29,April,86,2010
30,April,272,2010
1,May,1638,2010
2,May,416,2010
3,May,74,2010
4,May,60,2010
5,May,74,2010
6,May,58,2010
7,May,215,2010
8,May,1197,2010
9,May,181,2010
10,May,85,2010
11,May,62,2010
12,May,58,2010
13,May,54,2010
14,May,205,2010
15,May,1105,2010
16,May,270,2010
17,May,69,2010
18,May,68,2010
19,May,53,2010
20,May,109,2010
21,May,200,2010
22,May,946,2010
23,May,208,2010
24,May,86,2010
25,May,56,2010
26,May,49,2010
27,May,67,2010
28,May,184,2010
29,May,830,2010
30,May,170,2010
31,May,57,2010
1,June,84,2010
2,June,52,2010
3,June,47,2010
4,June,165,2010
5,June,764,2010
6,June,239,2010
7,June,56,2010
8,June,75,2010
9,June,54,2010
10,June,58,2010
11,June,165,2010
12,June,836,2010
13,June,311,2010
14,June,41,2010
15,June,66,2010
16,June,58,2010
17,June,66,2010
18,June,158,2010
19,June,609,2010
20,June,184,2010
21,June,81,2010
22,June,61,2010
23,June,72,2010
24,June,63,2010
25,June,150,2010
26,June,767,2010
27,June,213,2010
28,June,81,2010
29,June,66,2010
30,June,67,2010
1,July,72,2010
2,July,172,2010
3,July,762,2010
4,July,205,2010
5,July,69,2010
6,July,63,2010
7,July,77,2010
8,July,57,2010
9,July,164,2010
10,July,788,2010
11,July,185,2010
12,July,79,2010
13,July,47,2010
14,July,42,2010
15,July,55,2010
16,July,160,2010
17,July,661,2010
18,July,169,2010
19,July,67,2010
20,July,55,2010
21,July,54,2010
22,July,69,2010
23,July,148,2010
24,July,602,2010
25,July,152,2010
26,July,67,2010
27,July,75,2010
28,July,53,2010
29,July,63,2010
30,July,163,2010
31,July,604,2010
1,August,200,2010
2,August,80,2010
3,August,42,2010
4,August,45,2010
5,August,45,2010
6,August,187,2010
7,August,714,2010
8,August,281,2010
9,August,78,2010
10,August,67,2010
11,August,63,2010
12,August,79,2010
13,August,140,2010
14,August,875,2010
15,August,181,2010
16,August,92,2010
17,August,49,2010
18,August,84,2010
19,August,67,2010
20,August,221,2010
21,August,944,2010
22,August,241,2010
23,August,76,2010
24,August,59,2010
25,August,70,2010
26,August,72,2010
27,August,234,2010
28,August,1132,2010
29,August,237,2010
30,August,75,2010
31,August,42,2010
1,September,87,2010
2,September,81,2010
3,September,277,2010
4,September,1440,2010
5,September,255,2010
6,September,81,2010
7,September,62,2010
8,September,114,2010
9,September,119,2010
10,September,305,2010
11,September,1183,2010
12,September,335,2010
13,September,69,2010
14,September,64,2010
15,September,90,2010
16,September,84,2010
17,September,281,2010
18,September,1905,2010
19,September,388,2010
20,September,93,2010
21,September,60,2010
22,September,69,2010
23,September,84,2010
24,September,346,2010
25,September,1730,2010
26,September,477,2010
27,September,114,2010
28,September,78,2010
29,September,83,2010
30,September,102,2010
1,October,468,2010
2,October,2155,2010
3,October,589,2010
4,October,93,2010
5,October,69,2010
6,October,84,2010
7,October,88,2010
8,October,382,2010
9,October,1764,2010
10,October,2454,2010
11,October,103,2010
12,October,65,2010
13,October,79,2010
14,October,91,2010
15,October,366,2010
16,October,2068,2010
17,October,420,2010
18,October,93,2010
19,October,72,2010
20,October,247,2010
21,October,77,2010
22,October,389,2010
23,October,2114,2010
24,October,374,2010
25,October,89,2010
26,October,64,2010
27,October,73,2010
28,October,96,2010
29,October,336,2010
30,October,2065,2010
31,October,451,2010
1,November,187,2010
2,November,57,2010
3,November,76,2010
4,November,67,2010
5,November,386,2010
6,November,2184,2010
7,November,412,2010
8,November,84,2010
9,November,61,2010
10,November,95,2010
11,November,107,2010
12,November,453,2010
13,November,1706,2010
14,November,403,2010
15,November,103,2010
16,November,82,2010
17,November,60,2010
18,November,84,2010
19,November,340,2010
20,November,2141,2010
21,November,449,2010
22,November,123,2010
23,November,76,2010
24,November,74,2010
25,November,101,2010
26,November,370,2010
27,November,1912,2010
28,November,455,2010
29,November,120,2010
30,November,64,2010
1,December,86,2010
2,December,66,2010
3,December,271,2010
4,December,1311,2010
5,December,390,2010
6,December,121,2010
7,December,67,2010
8,December,67,2010
9,December,88,2010
10,December,266,2010
11,December,1127,2010
12,December,585,2010
13,December,126,2010
14,December,66,2010
15,December,70,2010
16,December,76,2010
17,December,227,2010
18,December,861,2010
19,December,731,2010
20,December,253,2010
21,December,139,2010
22,December,108,2010
23,December,164,2010
24,December,149,2010
25,December,61,2010
26,December,130,2010
27,December,278,2010
28,December,130,2010
29,December,219,2010
30,December,175,2010
31,December,409,2010
1,January,85,2009
2,January,251,2009
3,January,990,2009
4,January,217,2009
5,January,108,2009
6,January,91,2009
7,January,85,2009
8,January,91,2009
9,January,316,2009
10,January,1368,2009
11,January,261,2009
12,January,81,2009
13,January,46,2009
14,January,63,2009
15,January,52,2009
16,January,258,2009
17,January,1154,2009
18,January,246,2009
19,January,76,2009
20,January,66,2009
21,January,67,2009
22,January,59,2009
23,January,214,2009
24,January,1258,2009
25,January,617,2009
26,January,114,2009
27,January,54,2009
28,January,48,2009
29,January,33,2009
30,January,151,2009
31,January,984,2009
1,February,211,2009
2,February,63,2009
3,February,40,2009
4,February,25,2009
5,February,44,2009
6,February,279,2009
7,February,1398,2009
8,February,248,2009
9,February,78,2009
10,February,77,2009
11,February,57,2009
12,February,77,2009
13,February,150,2009
14,February,2160,2009
15,February,290,2009
16,February,85,2009
17,February,75,2009
18,February,65,2009
19,February,67,2009
20,February,314,2009
21,February,1624,2009
22,February,344,2009
23,February,74,2009
24,February,65,2009
25,February,69,2009
26,February,70,2009
27,February,319,2009
28,February,1929,2009
1,March,435,2009
2,March,85,2009
3,March,81,2009
4,March,67,2009
5,March,90,2009
6,March,388,2009
7,March,1943,2009
8,March,538,2009
9,March,82,2009
10,March,59,2009
11,March,75,2009
12,March,108,2009
13,March,210,2009
14,March,2056,2009
15,March,346,2009
16,March,66,2009
17,March,76,2009
18,March,76,2009
19,March,76,2009
20,March,403,2009
21,March,2156,2009
22,March,377,2009
23,March,60,2009
24,March,58,2009
25,March,66,2009
26,March,97,2009
27,March,389,2009
28,March,2209,2009
29,March,323,2009
30,March,95,2009
31,March,46,2009
1,April,62,2009
2,April,74,2009
3,April,362,2009
4,April,2218,2009
5,April,343,2009
6,April,89,2009
7,April,66,2009
8,April,98,2009
9,April,202,2009
10,April,112,2009
11,April,1187,2009
12,April,316,2009
13,April,81,2009
14,April,95,2009
15,April,100,2009
16,April,94,2009
17,April,435,2009
18,April,2288,2009
19,April,356,2009
20,April,75,2009
21,April,66,2009
22,April,84,2009
23,April,84,2009
24,April,339,2009
25,April,880,2009
26,April,493,2009
27,April,81,2009
28,April,82,2009
29,April,49,2009
30,April,75,2009
1,May,308,2009
2,May,1605,2009
3,May,436,2009
4,May,93,2009
5,May,91,2009
6,May,45,2009
7,May,77,2009
8,May,221,2009
9,May,1264,2009
10,May,227,2009
11,May,75,2009
12,May,57,2009
13,May,45,2009
14,May,54,2009
15,May,181,2009
16,May,1167,2009
17,May,218,2009
18,May,69,2009
19,May,51,2009
20,May,73,2009
21,May,61,2009
22,May,171,2009
23,May,961,2009
24,May,195,2009
25,May,80,2009
26,May,50,2009
27,May,48,2009
28,May,69,2009
29,May,156,2009
30,May,827,2009
31,May,175,2009
1,June,63,2009
2,June,52,2009
3,June,61,2009
4,June,46,2009
5,June,159,2009
6,June,926,2009
7,June,334,2009
8,June,58,2009
9,June,78,2009
10,June,53,2009
11,June,39,2009
12,June,144,2009
13,June,530,2009
14,June,198,2009
15,June,73,2009
16,June,73,2009
17,June,40,2009
18,June,46,2009
19,June,140,2009
20,June,727,2009
21,June,179,2009
22,June,73,2009
23,June,62,2009
24,June,50,2009
25,June,53,2009
26,June,182,2009
27,June,717,2009
28,June,205,2009
29,June,80,2009
30,June,60,2009
1,July,69,2009
2,July,52,2009
3,July,160,2009
4,July,814,2009
5,July,172,2009
6,July,59,2009
7,July,81,2009
8,July,74,2009
9,July,75,2009
10,July,169,2009
11,July,667,2009
12,July,159,2009
13,July,60,2009
14,July,46,2009
15,July,52,2009
16,July,61,2009
17,July,161,2009
18,July,642,2009
19,July,141,2009
20,July,78,2009
21,July,57,2009
22,July,49,2009
23,July,62,2009
24,July,138,2009
25,July,649,2009
26,July,141,2009
27,July,79,2009
28,July,52,2009
29,July,38,2009
30,July,52,2009
31,July,137,2009
1,August,669,2009
2,August,161,2009
3,August,49,2009
4,August,47,2009
5,August,50,2009
6,August,72,2009
7,August,250,2009
8,August,853,2009
9,August,188,2009
10,August,72,2009
11,August,69,2009
12,August,51,2009
13,August,42,2009
14,August,177,2009
15,August,793,2009
16,August,201,2009
17,August,70,2009
18,August,72,2009
19,August,61,2009
20,August,84,2009
21,August,162,2009
22,August,870,2009
23,August,194,2009
24,August,65,2009
25,August,60,2009
26,August,76,2009
27,August,59,2009
28,August,230,2009
29,August,1006,2009
30,August,231,2009
31,August,77,2009
1,September,92,2009
2,September,70,2009
3,September,56,2009
4,September,241,2009
5,September,1486,2009
6,September,238,2009
7,September,85,2009
8,September,85,2009
9,September,616,2009
10,September,92,2009
11,September,194,2009
12,September,1581,2009
13,September,220,2009
14,September,83,2009
15,September,60,2009
16,September,58,2009
17,September,88,2009
18,September,280,2009
19,September,1890,2009
20,September,509,2009
21,September,99,2009
22,September,90,2009
23,September,62,2009
24,September,81,2009
25,September,341,2009
26,September,1709,2009
27,September,472,2009
28,September,95,2009
29,September,113,2009
30,September,86,2009
1,October,114,2009
2,October,407,2009
3,October,2216,2009
4,October,637,2009
5,October,84,2009
6,October,92,2009
7,October,88,2009
8,October,107,2009
9,October,372,2009
10,October,2248,2009
11,October,426,2009
12,October,91,2009
13,October,57,2009
14,October,68,2009
15,October,83,2009
16,October,404,2009
17,October,1925,2009
18,October,418,2009
19,October,87,2009
20,October,65,2009
21,October,72,2009
22,October,97,2009
23,October,358,2009
24,October,2017,2009
25,October,417,2009
26,October,82,2009
27,October,67,2009
28,October,80,2009
29,October,79,2009
30,October,373,2009
31,October,1938,2009
1,November,495,2009
2,November,136,2009
3,November,62,2009
4,November,59,2009
5,November,91,2009
6,November,355,2009
7,November,2101,2009
8,November,401,2009
9,November,86,2009
10,November,58,2009
11,November,79,2009
12,November,74,2009
13,November,223,2009
14,November,2072,2009
15,November,450,2009
16,November,86,2009
17,November,54,2009
18,November,89,2009
19,November,89,2009
20,November,368,2009
21,November,2070,2009
22,November,478,2009
23,November,101,2009
24,November,59,2009
25,November,67,2009
26,November,98,2009
27,November,367,2009
28,November,1940,2009
29,November,500,2009
30,November,116,2009
1,December,92,2009
2,December,59,2009
3,December,72,2009
4,December,262,2009
5,December,1470,2009
6,December,628,2009
7,December,157,2009
8,December,90,2009
9,December,64,2009
10,December,100,2009
11,December,242,2009
12,December,1262,2009
13,December,630,2009
14,December,208,2009
15,December,80,2009
16,December,67,2009
17,December,100,2009
18,December,196,2009
19,December,668,2009
20,December,734,2009
21,December,247,2009
22,December,142,2009
23,December,118,2009
24,December,107,2009
25,December,56,2009
26,December,82,2009
27,December,456,2009
28,December,285,2009
29,December,181,2009
30,December,130,2009
31,December,387,2009
1,January,73,2008
2,January,107,2008
3,January,126,2008
4,January,305,2008
5,January,1190,2008
6,January,263,2008
7,January,70,2008
8,January,84,2008
9,January,47,2008
10,January,72,2008
11,January,273,2008
12,January,1266,2008
13,January,189,2008
14,January,64,2008
15,January,48,2008
16,January,76,2008
17,January,48,2008
18,January,242,2008
19,January,1287,2008
20,January,246,2008
21,January,61,2008
22,January,66,2008
23,January,25,2008
24,January,68,2008
25,January,241,2008
26,January,1092,2008
27,January,528,2008
28,January,54,2008
29,January,36,2008
30,January,31,2008
31,January,56,2008
1,February,210,2008
2,February,1339,2008
3,February,248,2008
4,February,52,2008
5,February,44,2008
6,February,68,2008
7,February,52,2008
8,February,255,2008
9,February,1267,2008
10,February,239,2008
11,February,61,2008
12,February,78,2008
13,February,43,2008
14,February,273,2008
15,February,226,2008
16,February,1515,2008
17,February,245,2008
18,February,85,2008
19,February,58,2008
20,February,59,2008
21,February,77,2008
22,February,324,2008
23,February,1649,2008
24,February,309,2008
25,February,69,2008
26,February,52,2008
27,February,55,2008
28,February,70,2008
29,February,564,2008
1,March,1985,2008
2,March,415,2008
3,March,83,2008
4,March,40,2008
5,March,50,2008
6,March,99,2008
7,March,368,2008
8,March,2119,2008
9,March,538,2008
10,March,65,2008
11,March,53,2008
12,March,70,2008
13,March,50,2008
14,March,377,2008
15,March,2069,2008
16,March,361,2008
17,March,76,2008
18,March,60,2008
19,March,85,2008
20,March,207,2008
21,March,96,2008
22,March,1235,2008
23,March,329,2008
24,March,86,2008
25,March,77,2008
26,March,90,2008
27,March,90,2008
28,March,445,2008
29,March,2097,2008
30,March,346,2008
31,March,67,2008
1,April,48,2008
2,April,63,2008
3,April,43,2008
4,April,341,2008
5,April,1839,2008
6,April,374,2008
7,April,59,2008
8,April,82,2008
9,April,44,2008
10,April,64,2008
11,April,292,2008
12,April,1975,2008
13,April,288,2008
14,April,73,2008
15,April,72,2008
16,April,55,2008
17,April,73,2008
18,April,321,2008
19,April,1767,2008
20,April,358,2008
21,April,61,2008
22,April,57,2008
23,April,50,2008
24,April,187,2008
25,April,237,2008
26,April,1637,2008
27,April,248,2008
28,April,74,2008
29,April,47,2008
30,April,62,2008
1,May,90,2008
2,May,249,2008
3,May,1430,2008
4,May,354,2008
5,May,69,2008
6,May,60,2008
7,May,54,2008
8,May,57,2008
9,May,213,2008
10,May,1232,2008
11,May,176,2008
12,May,65,2008
13,May,40,2008
14,May,29,2008
15,May,69,2008
16,May,184,2008
17,May,1006,2008
18,May,233,2008
19,May,63,2008
20,May,56,2008
21,May,63,2008
22,May,46,2008
23,May,147,2008
24,May,935,2008
25,May,194,2008
26,May,60,2008
27,May,36,2008
28,May,37,2008
29,May,43,2008
30,May,169,2008
31,May,786,2008
1,June,230,2008
2,June,59,2008
3,June,41,2008
4,June,34,2008
5,June,43,2008
6,June,182,2008
7,June,900,2008
8,June,396,2008
9,June,58,2008
10,June,75,2008
11,June,47,2008
12,June,54,2008
13,June,97,2008
14,June,632,2008
15,June,149,2008
16,June,71,2008
17,June,38,2008
18,June,55,2008
19,June,54,2008
20,June,136,2008
21,June,652,2008
22,June,166,2008
23,June,68,2008
24,June,57,2008
25,June,51,2008
26,June,58,2008
27,June,140,2008
28,June,677,2008
29,June,165,2008
30,June,79,2008
1,July,76,2008
2,July,43,2008
3,July,52,2008
4,July,171,2008
5,July,729,2008
6,July,211,2008
7,July,89,2008
8,July,75,2008
9,July,42,2008
10,July,55,2008
11,July,154,2008
12,July,717,2008
13,July,107,2008
14,July,81,2008
15,July,53,2008
16,July,46,2008
17,July,54,2008
18,July,163,2008
19,July,541,2008
20,July,160,2008
21,July,56,2008
22,July,52,2008
23,July,40,2008
24,July,53,2008
25,July,153,2008
26,July,696,2008
27,July,152,2008
28,July,63,2008
29,July,35,2008
30,July,35,2008
31,July,54,2008
1,August,169,2008
2,August,636,2008
3,August,141,2008
4,August,58,2008
5,August,42,2008
6,August,50,2008
7,August,58,2008
8,August,1444,2008
9,August,786,2008
10,August,155,2008
11,August,74,2008
12,August,60,2008
13,August,53,2008
14,August,53,2008
15,August,193,2008
16,August,939,2008
17,August,187,2008
18,August,92,2008
19,August,63,2008
20,August,76,2008
21,August,47,2008
22,August,177,2008
23,August,913,2008
24,August,192,2008
25,August,59,2008
26,August,69,2008
27,August,50,2008
28,August,96,2008
29,August,187,2008
30,August,1061,2008
31,August,257,2008
1,September,109,2008
2,September,54,2008
3,September,54,2008
4,September,61,2008
5,September,244,2008
6,September,1538,2008
7,September,270,2008
8,September,78,2008
9,September,89,2008
10,September,84,2008
11,September,48,2008
12,September,242,2008
13,September,1303,2008
14,September,354,2008
15,September,93,2008
16,September,64,2008
17,September,51,2008
18,September,88,2008
19,September,250,2008
20,September,1933,2008
21,September,360,2008
22,September,95,2008
23,September,63,2008
24,September,64,2008
25,September,67,2008
26,September,327,2008
27,September,1684,2008
28,September,481,2008
29,September,114,2008
30,September,76,2008
1,October,89,2008
2,October,87,2008
3,October,456,2008
4,October,2221,2008
5,October,559,2008
6,October,92,2008
7,October,65,2008
8,October,87,2008
9,October,89,2008
10,October,435,2008
11,October,1970,2008
12,October,337,2008
13,October,92,2008
14,October,64,2008
15,October,75,2008
16,October,67,2008
17,October,330,2008
18,October,2162,2008
19,October,334,2008
20,October,112,2008
21,October,58,2008
22,October,52,2008
23,October,80,2008
24,October,367,2008
25,October,2067,2008
26,October,385,2008
27,October,103,2008
28,October,68,2008
29,October,47,2008
30,October,84,2008
31,October,365,2008
1,November,2208,2008
2,November,452,2008
3,November,165,2008
4,November,83,2008
5,November,63,2008
6,November,64,2008
7,November,361,2008
8,November,2176,2008
9,November,329,2008
10,November,113,2008
11,November,106,2008
12,November,75,2008
13,November,60,2008
14,November,354,2008
15,November,1990,2008
16,November,359,2008
17,November,143,2008
18,November,95,2008
19,November,49,2008
20,November,95,2008
21,November,324,2008
22,November,2050,2008
23,November,413,2008
24,November,207,2008
25,November,103,2008
26,November,49,2008
27,November,76,2008
28,November,334,2008
29,November,1826,2008
30,November,387,2008
1,December,376,2008
2,December,122,2008
3,December,59,2008
4,December,102,2008
5,December,261,2008
6,December,1315,2008
7,December,386,2008
8,December,468,2008
9,December,123,2008
10,December,65,2008
11,December,79,2008
12,December,241,2008
13,December,706,2008
14,December,301,2008
15,December,627,2008
16,December,201,2008
17,December,63,2008
18,December,104,2008
19,December,187,2008
20,December,544,2008
21,December,295,2008
22,December,630,2008
23,December,231,2008
24,December,139,2008
25,December,44,2008
26,December,65,2008
27,December,280,2008
28,December,375,2008
29,December,776,2008
30,December,230,2008
31,December,422,2008
